n,Datetime (UTC),Timestamp (s),Altitude (ft),Velocity (ft/s),Temperature (C),Longitude,Latitude,Roll (°),Pitch (°),Yaw (°),Flag
0,2025-05-04 12:01:26,0.004,5.085302,,21.032,-1,-1,0.0,0.0,0.0,Before Launch
1,2025-05-04 12:01:26,0.046,5.59711304,,21.037,-1,-1,0.0,0.0,0.0,During Launch
2,2025-05-04 12:01:26,0.089,4.73425212,,21.039,-1,-1,0.0,0.0,0.0,During Launch
3,2025-05-04 12:01:26,0.132,5.82677184,,21.032,-1,-1,0.0,0.0,0.0,During Launch
4,2025-05-04 12:01:26,0.174,4.96391092,,21.034,-1,-1,0.0,0.0,0.0,During Launch
5,2025-05-04 12:01:26,0.217,3.9698164,,21.032,-1,-1,0.0,0.0,0.0,During Launch
6,2025-05-04 12:01:26,0.26,5.22637812,,21.037,-1,-1,0.0,0.0,0.0,During Launch
7,2025-05-04 12:01:26,0.303,4.222441079999999,,21.034,-1,-1,0.0,0.0,0.0,During Launch
8,2025-05-04 12:01:26,0.345,4.593176,,21.034,-1,-1,0.0,0.0,0.0,During Launch
9,2025-05-04 12:01:26,0.388,6.31889784,,21.029,-1,-1,0.0,0.0,0.0,During Launch
10,2025-05-04 12:01:26,0.431,4.83267732,,21.029,-1,-1,0.0,0.0,0.0,During Launch
11,2025-05-04 12:01:26,0.473,5.20669308,,21.029,-1,-1,0.0,0.0,0.0,During Launch
12,2025-05-04 12:01:26,0.516,6.45013144,,21.034,-1,-1,0.0,0.0,0.0,During Launch
13,2025-05-04 12:01:26,0.558,5.33792668,,21.034,-1,-1,0.0,0.0,0.0,During Launch
14,2025-05-04 12:01:26,0.601,5.22637812,,21.037,-1,-1,0.0,0.0,0.0,During Launch
15,2025-05-04 12:01:26,0.644,4.593176,,21.034,-1,-1,0.0,0.0,0.0,During Launch
16,2025-05-04 12:01:26,0.687,5.4461943999999995,,21.024,-1,-1,0.0,0.0,0.0,During Launch
17,2025-05-04 12:01:26,0.73,4.71456708,,21.032,-1,-1,0.0,0.0,0.0,During Launch
18,2025-05-04 12:01:27,0.773,4.71456708,,21.034,-1,-1,0.0,0.0,0.0,During Launch
19,2025-05-04 12:01:27,0.816,3.8713911999999997,,21.042,-1,-1,0.0,0.0,0.0,During Launch
20,2025-05-04 12:01:27,0.859,3.7401576,,21.037,-86.61432583333334,34.76374533333333,0.0,0.0,0.0,During Launch
21,2025-05-04 12:01:27,0.903,4.73425212,,21.039,-86.61432583333334,34.76374533333333,0.0,0.0,0.0,During Launch
22,2025-05-04 12:01:27,0.946,4.73425212,,21.039,-86.61432583333334,34.76374533333333,0.0,0.0,0.0,During Launch
23,2025-05-04 12:01:27,0.989,3.7401576,,21.037,-86.61432583333334,34.76374533333333,0.0,0.0,0.0,During Launch
24,2025-05-04 12:01:27,1.031,3.8713911999999997,,21.042,-86.61432583333334,34.76374533333333,7.203944409844368,-6.152850197716032,6.750314432711478,During Launch
25,2025-05-04 12:01:27,1.082,4.865485720000001,-0.204,21.044,-86.61432583333334,34.76374533333333,23.18279765865679,-23.41159355572634,22.91300988108471,During Launch
26,2025-05-04 12:01:27,1.127,3.1463255599999997,-2.267,21.049,-86.61432583333334,34.76374533333333,-4.393029619229637,19.485545329473748,-26.13885784305252,During Launch
27,2025-05-04 12:01:27,1.169,3.61876652,-1.033,21.039,-86.61432583333334,34.76374533333333,-29.130212838475728,57.517569584973586,-67.57644636781893,During Launch
28,2025-05-04 12:01:27,1.213,3.4973754400000003,-2.155,21.042,-86.61432583333334,34.76374533333333,-59.33821152963987,105.92159779985039,-119.45823226934661,During Launch
29,2025-05-04 12:01:27,1.257,3.63845156,-1.224,21.046,-86.61432583333334,34.76374533333333,-68.09563930815273,119.80867952830764,-134.7268918498583,During Launch
30,2025-05-04 12:01:27,1.3,4.21259856,0.224,21.027,-86.61432583333334,34.76374533333333,-77.25629430950224,125.80457684558996,-151.1578409891996,During Launch
31,2025-05-04 12:01:27,1.342,3.3792652,-1.707,21.044,-86.61432583333334,34.76374533333333,-79.83942302584485,124.28730854759694,-155.1957388973555,During Launch
32,2025-05-04 12:01:27,1.385,3.75000012,-0.437,21.042,-86.61432583333334,34.76374533333333,-80.71873523248752,110.94698620220255,-159.50582263930158,During Launch
33,2025-05-04 12:01:27,1.427,2.40485572,-2.022,21.049,-86.61432583333334,34.76374533333333,-79.58877600456753,100.90297223392498,-159.7602157105179,During Launch
34,2025-05-04 12:01:27,1.471,2.6246720000000003,-3.411,21.037,-86.61432583333334,34.76374533333333,-74.90877297649355,80.83740121398948,-157.63640555702554,During Launch
35,2025-05-04 12:01:27,1.514,2.63451452,-2.03,21.044,-86.61432583333334,34.76374533333333,-70.99935355685852,71.58067593837849,-155.94729022052132,During Launch
36,2025-05-04 12:01:27,1.556,2.38517068,-2.605,21.042,-86.61432583333334,34.76374533333333,-60.75568697149616,57.091268185148195,-151.26052623507923,During Launch
37,2025-05-04 12:01:27,1.599,3.00524944,-3.181,21.044,-86.61432583333334,34.76374533333333,-55.84619416415656,52.83191535886431,-147.76298190509544,During Launch
38,2025-05-04 12:01:27,1.642,2.7559055999999997,-2.382,21.042,-86.61432583333334,34.76374533333333,-47.63444647119059,47.19126096009919,-140.2886828517875,During Launch
39,2025-05-04 12:01:27,1.685,0.77755908,-4.104,21.044,-86.61432583333334,34.76374533333333,-43.54444322594345,44.79849320825296,-136.72803867718707,During Launch
40,2025-05-04 12:01:27,1.728,1.5091864000000002,-2.845,21.037,-86.61432583333334,34.76374533333333,-35.86056350327996,41.269725655113994,-129.22401075543237,During Launch
41,2025-05-04 12:01:28,1.771,1.52230976,-3.62,21.044,-86.61432583333334,34.76374533333333,-31.783650329023143,39.622239264013714,-125.15802102956424,During Launch
42,2025-05-04 12:01:28,1.813,0.39698163999999997,-3.987,21.037,-86.61432583333334,34.76374533333333,-25.213943542687534,37.205131419170684,-118.08759153349075,During Launch
43,2025-05-04 12:01:28,1.856,1.74212604,-2.745,21.032,-86.61432583333334,34.76374533333333,-22.66600058011495,35.92039296238848,-115.6525715891519,During Launch
44,2025-05-04 12:01:28,1.899,0.27559056000000004,-3.32,21.039,-86.61432016666667,34.76375133333333,-15.897902421231008,32.12711154614567,-109.84712955116454,During Launch
45,2025-05-04 12:01:28,1.942,0.79724412,-2.717,21.052,-86.61432016666667,34.76375133333333,-12.25100528828551,28.783841196498827,-107.50628840842928,During Launch
46,2025-05-04 12:01:28,1.986,0.27559056000000004,-4.117,21.039,-86.61432016666667,34.76375133333333,-5.9708135333959875,22.815473229463006,-100.09954036480786,During Launch
47,2025-05-04 12:01:28,2.032,1.148294,-3.302,21.044,-86.61432016666667,34.76375133333333,-3.527146898831819,20.745530207418486,-96.60954394168994,During Launch
48,2025-05-04 12:01:28,2.075,-0.58727036,-3.985,21.042,-86.61432016666667,34.76375133333333,-1.0504419541809882,16.64531780608913,-90.89291944719831,During Launch
49,2025-05-04 12:01:28,2.118,3.26771664,-0.555,20.992,-86.61432016666667,34.76375133333333,-1.015716667416432,14.949193639223486,-88.49814649994539,During Launch
50,2025-05-04 12:01:28,2.162,2.1653544,-2.5,20.994,-86.61432016666667,34.76375133333333,-0.789440348752806,13.222339906500805,-85.94488345805331,During Launch
51,2025-05-04 12:01:28,2.205,-0.82021,-3.68,21.046,-86.61432016666667,34.76375133333333,-0.6050034528238021,12.909402672682686,-85.2634696257492,During Launch
52,2025-05-04 12:01:28,2.248,0.66601052,-2.737,21.046,-86.61432016666667,34.76375133333333,-0.47323957717278503,12.123231184025762,-88.14901243553443,During Launch
53,2025-05-04 12:01:28,2.292,0.05577428,-3.19,21.052,-86.61432016666667,34.76375133333333,-0.8724685044629079,11.256880210569198,-92.7719130832382,During Launch
54,2025-05-04 12:01:28,2.335,-0.07545932,-3.445,21.046,-86.61432016666667,34.76375133333333,-2.443856291501129,10.098503719837336,-99.08520176815239,During Launch
55,2025-05-04 12:01:28,2.38,-0.07545932,-3.97,21.049,-86.61432016666667,34.76375133333333,-3.509717667163035,9.069263265672367,-102.78158660321438,During Launch
56,2025-05-04 12:01:28,2.431,1.0170604,-2.169,21.039,-86.61432016666667,34.76375133333333,-3.3039449360467823,8.62971364271905,-100.839879194726,During Launch
57,2025-05-04 12:01:28,2.476,1.0170604,-2.505,21.039,-86.61432016666667,34.76375133333333,-2.0691129308765066,7.775859209351218,-91.30121378346087,During Launch
58,2025-05-04 12:01:28,2.518,0.89895016,-1.38,21.029,-86.61432016666667,34.76375133333333,-1.8079165491293379,7.486726938876343,-87.154462043831,During Launch
59,2025-05-04 12:01:28,2.561,-0.43635172,-2.808,21.054,-86.61432016666667,34.76375133333333,-0.45510705840209154,6.820944904324279,-81.79213814243677,During Launch
60,2025-05-04 12:01:28,2.603,-0.9383202399999999,-3.281,21.049,-86.61432016666667,34.76375133333333,0.6870299300430782,6.765664065389734,-80.15895401274679,During Launch
61,2025-05-04 12:01:28,2.647,0.036089239999999995,-2.153,21.044,-86.61432016666667,34.76375133333333,1.5680901588505622,7.140312600782821,-81.94192154425225,During Launch
62,2025-05-04 12:01:28,2.69,-1.3123360000000002,-3.957,21.049,-86.61432016666667,34.76375133333333,0.8857517248130109,7.02722427291966,-90.45864847392818,During Launch
63,2025-05-04 12:01:28,2.733,-0.46587927999999995,-2.953,21.039,-86.61432016666667,34.76375133333333,-2.5410572201253547,5.475489910988076,-108.26382734704674,During Launch
64,2025-05-04 12:01:29,2.775,-0.81036748,-1.457,21.054,-86.61432016666667,34.76375133333333,-4.8535362782186855,4.535376585583839,-116.50035660877569,During Launch
65,2025-05-04 12:01:29,2.818,1.148294,-0.331,21.044,-86.61432016666667,34.76375133333333,-6.8445802558117395,3.1698276040328586,-131.39805082443436,During Launch
66,2025-05-04 12:01:29,2.86,-1.0597113200000001,-2.371,21.052,-86.61432016666667,34.76375133333333,-6.696797873275907,2.8138925707431492,-136.92723255693323,During Launch
67,2025-05-04 12:01:29,2.903,-0.9383202399999999,-1.225,21.044,-86.61432016666667,34.76375133333333,-5.506014580435361,2.579216812744653,-148.44240457204998,During Launch
68,2025-05-04 12:01:29,2.945,-1.5616798399999998,-3.034,21.046,-86.61432016666667,34.76374966666667,-6.175275892579572,2.50887485522948,-154.7213475527589,During Launch
69,2025-05-04 12:01:29,2.988,-1.43044624,-1.567,21.052,-86.61432016666667,34.76374966666667,-7.540352399927624,2.1148533427331664,-165.25251985508578,During Launch
70,2025-05-04 12:01:29,3.03,-0.81036748,-1.478,21.052,-86.61432016666667,34.76374966666667,-8.09035511887854,1.935506086765848,-168.6184329089493,During Launch
71,2025-05-04 12:01:29,3.073,-1.29265096,-1.443,21.056,-86.61432016666667,34.76374966666667,-8.492858313904044,1.520109619815274,-173.48996641875786,During Launch
72,2025-05-04 12:01:29,3.116,0.44619424,-0.648,21.059,-86.61432016666667,34.76374966666667,-8.331395328514429,1.3092031071443528,-175.32597258917616,During Launch
73,2025-05-04 12:01:29,3.158,-1.04002628,-0.418,21.049,-86.61432016666667,34.76374966666667,-8.346444958812043,0.8554803581504452,-177.41822968546708,During Launch
74,2025-05-04 12:01:29,3.201,-0.81036748,-3.766,21.054,-86.61432016666667,34.76374966666667,-8.478701457076253,0.6251588663717518,-178.24614726420393,During Launch
75,2025-05-04 12:01:29,3.244,-0.0656168,-2.062,21.054,-86.61432016666667,34.76374966666667,-9.179189815440205,0.12823864150816966,-180.11377066436677,During Launch
76,2025-05-04 12:01:29,3.286,-0.54790028,0.252,21.052,-86.61432016666667,34.76374966666667,-9.678171906175281,-0.07128891977351569,-77.48509925425839,During Launch
77,2025-05-04 12:01:29,3.329,-0.9186352000000001,-1.466,21.056,-86.61432016666667,34.76374966666667,-10.454936951111799,-0.8492434885281006,47.88801940633117,During Launch
78,2025-05-04 12:01:29,3.371,-1.55183732,-1.49,21.054,-86.61432016666667,34.76374966666667,-10.573785431658639,-1.4673992313223148,83.34546366107944,During Launch
79,2025-05-04 12:01:29,3.414,-0.81036748,-0.681,21.054,-86.61432016666667,34.76374966666667,-10.616142768563302,-2.559061874053044,125.20340265497825,During Launch
80,2025-05-04 12:01:29,3.457,-1.4107612,-1.24,21.059,-86.61432016666667,34.76374966666667,-10.211223203974537,-2.8120509609037603,137.59591091362176,During Launch
81,2025-05-04 12:01:29,3.505,-0.54790028,-1.457,21.056,-86.61432016666667,34.76374966666667,-9.612526324912423,-0.8411729248184725,153.26544464133153,During Launch
82,2025-05-04 12:01:29,3.549,-1.19094492,-2.058,21.046,-86.61432016666667,34.76374966666667,-9.197883876562688,-2.582857851888506,156.4890045422006,During Launch
83,2025-05-04 12:01:29,3.594,0.30511812,-0.552,21.054,-86.61432016666667,34.76374966666667,-9.107364974955951,-3.3989963849183504,156.64776977641927,During Launch
84,2025-05-04 12:01:29,3.636,-1.1811023999999999,-0.693,21.054,-86.61432016666667,34.76374966666667,-8.063079627003672,-3.016860454809752,154.14686626032133,During Launch
85,2025-05-04 12:01:29,3.679,-0.17716536,0.707,21.056,-86.61432016666667,34.76374966666667,-7.376811330022394,-3.3347711835969793,152.20435469444539,During Launch
86,2025-05-04 12:01:29,3.722,-0.6889763999999999,-0.674,21.052,-86.61432016666667,34.76374966666667,-6.770922309280022,-4.317829684297242,149.8031909053632,During Launch
87,2025-05-04 12:01:30,3.764,-1.93241476,-0.577,21.046,-86.61432016666667,34.76374966666667,-6.4736066478906755,-4.458657457089821,149.12354440380378,During Launch
88,2025-05-04 12:01:30,3.807,-1.29265096,-0.77,21.056,-86.61432016666667,34.76374966666667,-5.719420189160588,-4.6080046757493465,148.66971122129607,During Launch
89,2025-05-04 12:01:30,3.849,-1.04002628,-0.214,21.059,-86.61432016666667,34.76374966666667,-5.316268921146208,-4.564679290471152,148.67658071196732,During Launch
90,2025-05-04 12:01:30,3.892,-0.23622047999999998,-1.289,21.034,-86.61432083333334,34.76374766666667,-5.2194842527386935,-4.2674380797007965,150.79768642549902,During Launch
91,2025-05-04 12:01:30,3.934,-2.15551188,-1.02,21.059,-86.61432083333334,34.76374766666667,-5.4778462042857585,-3.668527594290495,155.4840427120703,During Launch
92,2025-05-04 12:01:30,3.977,-0.9186352000000001,0.018,21.054,-86.61432083333334,34.76374766666667,-5.15966984779886,-2.9885804363691424,158.23201969252986,During Launch
93,2025-05-04 12:01:30,4.02,-0.21653544,1.251,21.042,-86.61432083333334,34.76374766666667,-4.648619412459202,-2.806038940557496,157.4712082932765,During Launch
94,2025-05-04 12:01:30,4.062,-2.0341208,-0.562,21.056,-86.61432083333334,34.76374766666667,-3.068903562350695,-2.974592511888611,152.49907913450312,During Launch
95,2025-05-04 12:01:30,4.105,-0.0656168,0.693,21.059,-86.61432083333334,34.76374766666667,-2.0225159452953285,-3.331927166608425,147.81687927362154,During Launch
96,2025-05-04 12:01:30,4.155,-1.4107612,-0.109,21.059,-86.61432083333334,34.76374766666667,-0.2332158012269695,-4.232414429266584,138.69363963329525,During Launch
97,2025-05-04 12:01:30,4.2,-1.66338588,-1.946,21.056,-86.61432083333334,34.76374766666667,-0.5345781752799631,-5.808760174969212,130.41556598403332,During Launch
98,2025-05-04 12:01:30,4.242,-2.40485572,-1.259,21.059,-86.61432083333334,34.76374766666667,-1.176350128720266,-6.1373710082000965,127.63544138537493,During Launch
99,2025-05-04 12:01:30,4.286,-1.5616798399999998,-0.692,21.046,-86.61432083333334,34.76374766666667,-0.3481070021666156,-6.332766617239783,109.8559518314534,During Launch
100,2025-05-04 12:01:30,4.328,-1.07939636,-0.935,21.044,-86.61432083333334,34.76374766666667,0.27494739235716914,-6.396748940203197,99.75717655326737,During Launch
101,2025-05-04 12:01:30,4.372,0.9678477999999999,1.396,21.049,-86.61432083333334,34.76374766666667,1.3977141195641865,-5.209223735315925,76.87529769416034,During Launch
102,2025-05-04 12:01:30,4.414,-0.29855644,0.572,21.059,-86.61432083333334,34.76374766666667,2.004851359606907,-4.343449074206297,61.5937156658887,During Launch
103,2025-05-04 12:01:30,4.456,-2.0341208,-0.445,21.056,-86.61432083333334,34.76374766666667,3.5181076793140047,-0.6843933446309007,14.160212968732846,During Launch
104,2025-05-04 12:01:30,4.499,-0.70866144,0.094,21.056,-86.61432083333334,34.76374766666667,3.8788847878707347,0.38004423340661475,-0.1945498658227951,During Launch
105,2025-05-04 12:01:30,4.542,-0.9186352000000001,0.454,21.056,-86.61432083333334,34.76374766666667,4.261830566359368,1.73433988088398,-17.75824002444696,During Launch
106,2025-05-04 12:01:30,4.585,-0.9186352000000001,-0.343,21.056,-86.61432083333334,34.76374766666667,4.410839712564265,2.1011427939529286,-22.918219157107885,During Launch
107,2025-05-04 12:01:30,4.628,-1.0597113200000001,0.122,21.056,-86.61432083333334,34.76374766666667,4.460708255105009,2.485911797259143,-29.227079512015923,During Launch
108,2025-05-04 12:01:30,4.67,-1.29265096,-1.485,21.056,-86.61432083333334,34.76374766666667,4.36543937819623,2.5287280687358487,-30.917769154452223,During Launch
109,2025-05-04 12:01:30,4.713,-1.29265096,-0.104,21.056,-86.61432083333334,34.76374766666667,4.228025986670816,2.1067087274163647,-28.30049025159024,During Launch
110,2025-05-04 12:01:31,4.756,-0.95800528,-0.725,21.054,-86.61432083333334,34.76374766666667,4.181965289716787,1.6865340958672856,-24.1864158289418,During Launch
111,2025-05-04 12:01:31,4.804,-0.17716536,0.473,21.056,-86.61432083333334,34.76374766666667,4.1199865842445655,0.5569949062746646,-10.190696842840921,During Launch
112,2025-05-04 12:01:31,4.848,0.76771656,2.491,21.037,-86.61432083333334,34.76374766666667,4.069421523551881,-0.2796621729764084,0.5755472012446656,During Launch
113,2025-05-04 12:01:31,4.893,-0.81036748,0.444,21.062,-86.614325,34.7637455,4.025656890049665,-0.4837189808244482,4.19823847733466,During Launch
114,2025-05-04 12:01:31,4.936,0.32480316000000004,1.256,21.062,-86.614325,34.7637455,3.986115677440441,-0.8562784053025003,8.97709638930667,During Launch
115,2025-05-04 12:01:31,4.978,-0.90879268,-0.619,21.064,-86.614325,34.7637455,3.9854525314705507,-0.9637317195168758,10.481218282229577,During Launch
116,2025-05-04 12:01:31,5.021,-0.79068244,1.256,21.062,-86.614325,34.7637455,3.950906884264726,-1.1427677982565065,13.08352942661753,During Launch
117,2025-05-04 12:01:31,5.063,-0.9383202399999999,-0.018,21.049,-86.614325,34.7637455,3.926595002755918,-1.1631407260842448,13.87136693176387,During Launch
118,2025-05-04 12:01:31,5.105,-0.17716536,0.036,21.056,-86.614325,34.7637455,3.8899837201591456,-1.2958854227273657,15.07101437747756,During Launch
119,2025-05-04 12:01:31,5.148,-1.04002628,0.915,21.059,-86.614325,34.7637455,3.8736470733454307,-1.3263509777430682,15.362312055956293,During Launch
120,2025-05-04 12:01:31,5.191,0.37729660000000004,0.408,21.029,-86.614325,34.7637455,3.945459460425023,-1.3285604507011293,15.936999123368006,During Launch
121,2025-05-04 12:01:31,5.233,1.0498688,2.283,21.054,-86.614325,34.7637455,3.9455274711641923,-1.3602201968184626,16.046275176752037,During Launch
122,2025-05-04 12:01:31,5.284,-0.29855644,1.259,21.059,-86.614325,34.7637455,3.9433728713228855,-1.3612427887550282,16.174695988664016,During Launch
123,2025-05-04 12:01:31,5.33,-0.53805776,1.716,21.064,-86.614325,34.7637455,3.923651057357858,-1.3406740178606933,16.16019961773514,During Launch
124,2025-05-04 12:01:31,5.374,-1.78477696,-0.205,21.059,-86.614325,34.7637455,3.912834347805305,-1.333214835896992,16.113935491014246,During Launch
125,2025-05-04 12:01:31,5.417,-0.46587927999999995,0.563,21.039,-86.614325,34.7637455,3.966033988856427,-1.3565744978141292,16.03739969308445,During Launch
126,2025-05-04 12:01:31,5.459,-0.66929136,-1.506,21.059,-86.614325,34.7637455,3.946546285111272,-1.3579009701697833,16.019621977203403,During Launch
127,2025-05-04 12:01:31,5.502,0.40682416,0.648,21.044,-86.614325,34.7637455,3.930244408664418,-1.3533216535106416,15.698563204948787,During Launch
128,2025-05-04 12:01:31,5.544,0.32480316000000004,2.168,21.039,-86.614325,34.7637455,3.93254481881776,-1.3053559220325583,15.492295941572213,During Launch
129,2025-05-04 12:01:31,5.587,-1.16141736,-0.416,21.062,-86.614325,34.7637455,3.9307662334249027,-1.3285087739459231,15.671428369681667,During Launch
130,2025-05-04 12:01:31,5.629,-1.66338588,-0.685,21.056,-86.614325,34.7637455,3.9171797474778014,-1.3120623359513166,15.900411516633996,During Launch
131,2025-05-04 12:01:31,5.672,-0.41666668,0.462,21.049,-86.614325,34.7637455,3.753473481093357,-1.3160850256969794,16.798873639057025,During Launch
132,2025-05-04 12:01:31,5.714,-0.53805776,0.48,21.064,-86.614325,34.7637455,3.7379861441154203,-1.2954281631554614,16.76062712791646,During Launch
133,2025-05-04 12:01:32,5.757,-1.66338588,-0.341,21.056,-86.614325,34.7637455,3.685048991845988,-1.3358663547340723,17.262270659372398,During Launch
134,2025-05-04 12:01:32,5.8,-0.90879268,0.353,20.999,-86.614325,34.7637455,3.7008488449592076,-1.3426811506352883,17.36145404275666,During Launch
135,2025-05-04 12:01:32,5.842,-1.0597113200000001,-0.094,21.052,-86.614325,34.7637455,3.7697029413443204,-1.3326018078824216,17.23599127793846,During Launch
136,2025-05-04 12:01:32,5.884,-0.65944884,-0.447,21.067,-86.61432766666667,34.76375183333333,3.782631804799108,-1.3518694635279713,17.204576810721992,During Launch
137,2025-05-04 12:01:32,5.927,-1.53215228,-2.131,21.062,-86.61432766666667,34.76375183333333,3.769891929428373,-1.3263450158719188,16.984023698562396,During Launch
138,2025-05-04 12:01:32,5.969,-2.14566936,-1.241,21.067,-86.61432766666667,34.76375183333333,3.8023525454263836,-1.3160665855874167,16.799847286194897,During Launch
139,2025-05-04 12:01:32,6.012,-1.55183732,-1.744,21.054,-86.61432766666667,34.76375183333333,3.836895163415101,-1.293491570918012,16.119341179580832,During Launch
140,2025-05-04 12:01:32,6.055,-1.4107612,-0.466,21.059,-86.61432766666667,34.76375183333333,3.8842463434572143,-1.2706832213428576,15.678376919365151,During Launch
141,2025-05-04 12:01:32,6.097,-1.4107612,-0.576,21.059,-86.61432766666667,34.76375183333333,3.932498307008936,-1.242543811899492,15.498686694327631,During Launch
142,2025-05-04 12:01:32,6.14,-1.4107612,-0.439,21.059,-86.61432766666667,34.76375183333333,3.928825875631097,-1.2310322090035857,15.184882271848299,During Launch
143,2025-05-04 12:01:32,6.182,-1.7716536,-1.48,21.067,-86.61432766666667,34.76375183333333,3.9676671484454733,-1.2075764394451503,14.74779165466574,During Launch
144,2025-05-04 12:01:32,6.225,-1.53215228,-0.457,21.062,-86.61432766666667,34.76375183333333,3.975590574707488,-1.2085405368336708,14.743968834924342,During Launch
145,2025-05-04 12:01:32,6.267,-0.29855644,-0.628,21.059,-86.61432766666667,34.76375183333333,3.9673383525001156,-1.1656678597176306,14.737958569579837,During Launch
146,2025-05-04 12:01:32,6.31,-0.54790028,-1.484,21.056,-86.61432766666667,34.76375183333333,3.9865194859662307,-1.189330851465843,14.738719024453433,During Launch
147,2025-05-04 12:01:32,6.354,-2.02427828,-1.613,21.064,-86.61432766666667,34.76375183333333,3.9878082216419535,-1.2109082545237093,14.62023178663662,During Launch
148,2025-05-04 12:01:32,6.396,0.08530183999999999,0.585,21.067,-86.61432766666667,34.76375183333333,3.9775239473783164,-1.1940785371138807,14.639402684146551,During Launch
149,2025-05-04 12:01:32,6.44,-1.16141736,0.585,21.062,-86.61432766666667,34.76375183333333,3.9829411979488314,-1.274932457049303,14.629907665434436,During Launch
150,2025-05-04 12:01:32,6.482,-0.41666668,0.046,21.062,-86.61432766666667,34.76375183333333,3.9848660525649557,-1.242353281788527,14.60316667341433,During Launch
151,2025-05-04 12:01:32,6.525,0.44619424,1.046,21.059,-86.61432766666667,34.76375183333333,3.982522088769361,-1.2256041586856972,14.697713046206177,During Launch
152,2025-05-04 12:01:32,6.568,0.08530183999999999,-0.302,21.067,-86.61432766666667,34.76375183333333,3.974311626590159,-1.2079811525769981,14.721191476046258,During Launch
153,2025-05-04 12:01:32,6.612,-1.04002628,-1.278,21.059,-86.61432766666667,34.76375183333333,4.0066431412213745,-1.199376523441518,14.725947268778139,During Launch
154,2025-05-04 12:01:32,6.655,-0.66929136,0.461,21.059,-86.61432766666667,34.76375183333333,4.012931288266761,-1.1825110451165244,14.742697363424002,During Launch
155,2025-05-04 12:01:32,6.698,-0.04593176,1.513,21.046,-86.61432766666667,34.76375183333333,4.062143939720578,-1.2521296798546424,14.591745931862242,During Launch
156,2025-05-04 12:01:32,6.74,-1.04002628,-0.584,21.059,-86.61432766666667,34.76375183333333,4.035016542776076,-1.276840762410061,14.58228934426717,During Launch
157,2025-05-04 12:01:33,6.782,-0.66929136,-0.123,21.059,-86.61432766666667,34.76375183333333,3.993122785781234,-1.2285526182881947,14.536088693933879,During Launch
158,2025-05-04 12:01:33,6.825,-0.66929136,0.931,21.007,-86.61432766666667,34.76375183333333,3.9762217698417457,-1.2199137971725247,14.726127823374512,During Launch
159,2025-05-04 12:01:33,6.868,-0.79068244,0.111,21.062,-86.6143325,34.7637515,3.972862692553636,-1.2281257164034878,15.105960383148105,During Launch
160,2025-05-04 12:01:33,6.912,-0.54790028,0.478,21.056,-86.6143325,34.7637515,3.9579807264637497,-1.2304977939832167,15.410056018797297,During Launch
161,2025-05-04 12:01:33,6.955,0.37729660000000004,0.968,21.029,-86.6143325,34.7637515,3.959202773325013,-1.2339088980284034,16.016417918311845,During Launch
162,2025-05-04 12:01:33,6.997,-1.65354336,-0.113,21.064,-86.6143325,34.7637515,3.954312839365494,-1.2464395878059487,16.15742528478589,During Launch
163,2025-05-04 12:01:33,7.04,-1.16141736,0.919,21.062,-86.6143325,34.7637515,3.9898049389638435,-1.2774696286249085,16.27573848897354,During Launch
164,2025-05-04 12:01:33,7.082,-0.21653544,1.248,21.042,-86.6143325,34.7637515,3.9812255136151027,-1.2555551870127348,16.325759357112776,During Launch
165,2025-05-04 12:01:33,7.125,-1.29265096,0.11,21.056,-86.6143325,34.7637515,3.9721842689960827,-1.255445870736333,16.326287904667833,During Launch
166,2025-05-04 12:01:33,7.167,-1.4107612,0.0,21.059,-86.6143325,34.7637515,3.9906724098774857,-1.2692903327040568,16.351323454356244,During Launch
167,2025-05-04 12:01:33,7.21,-0.41666668,0.929,21.042,-86.6143325,34.7637515,3.9611098198129078,-1.3520276134740266,16.363659126599885,During Launch
168,2025-05-04 12:01:33,7.252,-0.66929136,1.03,21.059,-86.6143325,34.7637515,3.9408236923508486,-1.3203472799100702,16.431104001609654,During Launch
169,2025-05-04 12:01:33,7.296,-1.04002628,0.46,21.059,-86.6143325,34.7637515,3.899413661799075,-1.2762645865211653,16.437980073312513,During Launch
170,2025-05-04 12:01:33,7.339,1.8339895600000002,1.989,21.014,-86.6143325,34.7637515,3.9101929106517748,-1.2736445493656623,16.476519632990815,During Launch
171,2025-05-04 12:01:33,7.382,-0.54790028,0.0,21.056,-86.6143325,34.7637515,3.902350740001837,-1.2496030518554784,16.42482512321287,During Launch
172,2025-05-04 12:01:33,7.424,-1.16141736,0.806,21.062,-86.6143325,34.7637515,3.9027731951594222,-1.2484846156592009,16.411355265399987,During Launch
173,2025-05-04 12:01:33,7.467,0.5085302,0.395,21.034,-86.6143325,34.7637515,3.9406967184306336,-1.2169462316800743,16.412364419626822,During Launch
174,2025-05-04 12:01:33,7.509,-0.79068244,0.347,21.062,-86.6143325,34.7637515,3.9349770637123016,-1.2497804438358469,16.443417646768303,During Launch
175,2025-05-04 12:01:33,7.552,-0.79068244,-0.35,21.062,-86.6143325,34.7637515,3.9184564920353786,-1.2724307825313885,16.45835791329431,During Launch
176,2025-05-04 12:01:33,7.594,-0.9186352000000001,-1.277,21.046,-86.6143325,34.7637515,3.9042805440426807,-1.2552017731467142,16.41482577724089,During Launch
177,2025-05-04 12:01:33,7.636,-0.66929136,-0.707,21.059,-86.6143325,34.7637515,3.906956108967768,-1.2431565981359924,16.341794199625078,During Launch
178,2025-05-04 12:01:33,7.679,-0.41666668,0.584,21.062,-86.6143325,34.7637515,3.8986452027487033,-1.2521515755524961,16.31444746127754,During Launch
179,2025-05-04 12:01:33,7.721,-1.04002628,-0.348,21.059,-86.6143325,34.7637515,3.8831321486021326,-1.2353416525389864,16.1947023544584,During Launch
180,2025-05-04 12:01:34,7.764,-0.41666668,-0.348,21.062,-86.6143325,34.7637515,3.886826984349412,-1.17822600031708,16.07558573763234,During Launch
181,2025-05-04 12:01:34,7.806,-0.79068244,0.234,21.062,-86.6143325,34.7637515,3.9452426982064086,-1.1856679075481353,16.08454794108358,During Launch
182,2025-05-04 12:01:34,7.849,-0.79068244,-0.114,21.062,-86.6143325,34.7637515,3.951358337456833,-1.195425818115013,16.017036613919156,During Launch
183,2025-05-04 12:01:34,7.899,-0.9186352000000001,-0.232,21.064,-86.61433633333333,34.76375083333333,3.9526182354408985,-1.1968652526970291,15.840983085431283,During Launch
184,2025-05-04 12:01:34,7.943,0.42650920000000003,1.132,21.052,-86.61433633333333,34.76375083333333,3.960654057546703,-1.2110049175830813,15.843544545685086,During Launch
185,2025-05-04 12:01:34,7.986,-0.65944884,-0.104,21.067,-86.61433633333333,34.76375083333333,3.9447162275456127,-1.212794305857017,15.879023999965863,During Launch
186,2025-05-04 12:01:34,8.028,0.07545932,-0.281,21.037,-86.61433633333333,34.76375083333333,3.930780354728634,-1.183364740452998,15.920948274050408,During Launch
187,2025-05-04 12:01:34,8.07,-1.65354336,0.0,21.064,-86.61433633333333,34.76375083333333,4.000055181094094,-1.253856439893381,15.98086836246812,During Launch
188,2025-05-04 12:01:34,8.113,-2.14566936,-0.917,21.067,-86.61433633333333,34.76375083333333,3.9899901007225864,-1.2452900355664982,16.135759345149072,During Launch
189,2025-05-04 12:01:34,8.156,-1.53215228,-1.225,21.004,-86.61433633333333,34.76375083333333,3.9845601539028106,-1.2218481798566332,16.16504704752406,During Launch
190,2025-05-04 12:01:34,8.198,-0.90879268,0.358,21.064,-86.61433633333333,34.76375083333333,3.9465592804251477,-1.237534109171455,16.165750301197242,During Launch
191,2025-05-04 12:01:34,8.24,0.15419948,1.458,21.042,-86.61433633333333,34.76375083333333,3.9506692818360865,-1.2299661040525782,16.293331229590667,During Launch
192,2025-05-04 12:01:34,8.283,-2.3950131999999997,-1.844,21.064,-86.61433633333333,34.76375083333333,3.940323125923171,-1.243875933720096,16.29468295847484,During Launch
193,2025-05-04 12:01:34,8.325,-1.7716536,-1.027,21.067,-86.61433633333333,34.76375083333333,3.9415241624463615,-1.22755196916566,16.19086199299551,During Launch
194,2025-05-04 12:01:34,8.368,-1.04002628,0.0,21.059,-86.61433633333333,34.76375083333333,3.942898699485719,-1.2345560211923787,16.0582316315514,During Launch
195,2025-05-04 12:01:34,8.41,-1.28280844,-2.91,21.064,-86.61433633333333,34.76375083333333,3.9407573954336383,-1.2433506942247878,15.99711220930705,During Launch
196,2025-05-04 12:01:34,8.453,-1.9028872,-1.265,21.062,-86.61433633333333,34.76375083333333,3.9345293247026913,-1.209754569814316,15.994489075771172,During Launch
197,2025-05-04 12:01:34,8.495,-1.29265096,-0.123,21.056,-86.61433633333333,34.76375083333333,3.9074607843424856,-1.21202616941768,15.969510849217528,During Launch
198,2025-05-04 12:01:34,8.537,-0.90879268,-1.325,21.064,-86.61433633333333,34.76375083333333,3.859300130765183,-1.142867449098165,15.929363105334058,During Launch
199,2025-05-04 12:01:34,8.58,-0.44619424,0.322,21.059,-86.61433633333333,34.76375083333333,3.860902282167205,-1.144012566768694,15.914521269071008,During Launch
200,2025-05-04 12:01:34,8.622,-1.53215228,-0.693,21.062,-86.61433633333333,34.76375083333333,3.8676925394998176,-1.1498328521363521,15.92417029118291,During Launch
201,2025-05-04 12:01:34,8.665,-1.9028872,-0.919,21.062,-86.61433633333333,34.76375083333333,3.877660061906573,-1.1305156490736747,15.937370771074812,During Launch
202,2025-05-04 12:01:34,8.707,-0.04593176,0.582,21.062,-86.61433633333333,34.76375083333333,3.854848264155868,-1.1231361777434634,15.985104138805333,During Launch
203,2025-05-04 12:01:35,8.749,-1.53215228,-1.043,21.062,-86.61433633333333,34.76375083333333,3.8547782949341594,-1.1329438771843279,15.998675718162971,During Launch
204,2025-05-04 12:01:35,8.792,-1.7716536,-0.683,21.067,-86.61433633333333,34.76375083333333,3.8725654153986637,-1.1334109761211018,15.879754954593782,During Launch
205,2025-05-04 12:01:35,8.834,-1.29265096,-0.819,21.056,-86.61433633333333,34.76375083333333,3.8479163622869565,-1.1231597415999495,15.816520683754502,During Launch
206,2025-05-04 12:01:35,8.876,-1.63385832,-0.788,21.071,-86.61434016666666,34.763750333333334,3.860629946242513,-1.0902704135195518,15.714764758451274,During Launch
207,2025-05-04 12:01:35,8.919,-2.02427828,-1.153,21.064,-86.61434016666666,34.763750333333334,3.884506225694533,-1.079106803650082,15.53300260500285,During Launch
208,2025-05-04 12:01:35,8.961,-1.1811023999999999,-0.247,21.054,-86.61434016666666,34.763750333333334,3.899288118582518,-1.0853990502541344,15.228958397535372,During Launch
209,2025-05-04 12:01:35,9.004,-0.7709973999999999,-1.129,21.064,-86.61434016666666,34.763750333333334,3.9279406218441606,-1.103541412060382,15.233301408467016,During Launch
210,2025-05-04 12:01:35,9.046,1.52230976,2.058,21.044,-86.61434016666666,34.763750333333334,3.8950886071346478,-1.1099996754141885,15.412331353512872,During Launch
211,2025-05-04 12:01:35,9.089,-0.16732284,-0.229,21.064,-86.61434016666666,34.763750333333334,3.9246474305847534,-1.1563279010122982,15.495007376421352,During Launch
212,2025-05-04 12:01:35,9.139,-1.28280844,0.347,21.064,-86.61434016666666,34.763750333333334,3.9295934226832334,-1.180756648393579,15.67603614995518,During Launch
213,2025-05-04 12:01:35,9.183,-0.24606299999999998,1.775,21.027,-86.61434016666666,34.763750333333334,3.8553887423978175,-1.206739734005434,15.896932361662211,During Launch
214,2025-05-04 12:01:35,9.225,-1.7716536,-0.224,21.067,-86.61434016666666,34.763750333333334,3.8503666419003895,-1.1940931455103772,16.003297490530976,During Launch
215,2025-05-04 12:01:35,9.267,-1.14173232,-0.218,21.069,-86.61434016666666,34.763750333333334,3.8574186930937056,-1.2182335000028317,16.04977694741746,During Launch
216,2025-05-04 12:01:35,9.31,-0.90879268,-0.993,21.064,-86.61434016666666,34.763750333333334,3.8716830490582756,-1.177483041400049,16.01233276546183,During Launch
217,2025-05-04 12:01:35,9.352,-2.37532816,0.018,21.071,-86.61434016666666,34.763750333333334,3.8765173867348857,-1.1696232425821436,15.92205396426436,During Launch
218,2025-05-04 12:01:35,9.395,-0.53805776,1.153,21.064,-86.61434016666666,34.763750333333334,3.8863956574161507,-1.147355393004926,15.881072933488218,During Launch
219,2025-05-04 12:01:35,9.437,0.89895016,1.814,21.059,-86.61434016666666,34.763750333333334,3.8986760719300433,-1.1179061582462653,15.764621333966355,During Launch
220,2025-05-04 12:01:35,9.479,-0.29855644,0.921,21.059,-86.61434016666666,34.763750333333334,3.886694888641395,-1.1228248572989195,15.695293594131648,During Launch
221,2025-05-04 12:01:35,9.522,-0.66929136,1.154,21.059,-86.61434016666666,34.763750333333334,3.9360872084731184,-1.1380437591932453,15.666355318160608,During Launch
222,2025-05-04 12:01:35,9.564,-0.0656168,1.148,21.054,-86.61434016666666,34.763750333333334,3.941352022388147,-1.1534105573749962,15.660219504357457,During Launch
223,2025-05-04 12:01:35,9.606,0.20341208,1.04,21.064,-86.61434016666666,34.763750333333334,3.925812018291454,-1.1225875104917502,15.646034928502097,During Launch
224,2025-05-04 12:01:35,9.65,-2.02427828,-1.475,21.064,-86.61434016666666,34.763750333333334,3.9178593702186486,-1.1032097103534828,15.647588294829166,During Launch
225,2025-05-04 12:01:35,9.692,0.20341208,1.622,21.064,-86.61434016666666,34.763750333333334,3.9436927740865793,-1.1111569833182664,15.608481625100103,During Launch
226,2025-05-04 12:01:35,9.735,-0.66929136,1.153,21.059,-86.61434016666666,34.763750333333334,3.9577252019882114,-1.1072318996863366,15.600680914214502,During Launch
227,2025-05-04 12:01:36,9.778,-1.9028872,-1.734,21.062,-86.61434016666666,34.763750333333334,3.8688536426176485,-1.1540022378507684,15.59841200443205,During Launch
228,2025-05-04 12:01:36,9.82,-0.81036748,0.674,21.054,-86.61434016666666,34.763750333333334,3.905537957875472,-1.1473174726227808,15.608098151644011,During Launch
229,2025-05-04 12:01:36,9.862,-0.81036748,0.898,21.054,-86.614343,34.7637455,3.937324965376967,-1.134288462026807,15.585488589732428,During Launch
230,2025-05-04 12:01:36,9.905,-1.0597113200000001,0.217,21.052,-86.614343,34.7637455,3.951527162610109,-1.1464820644031715,15.556399182971967,During Launch
231,2025-05-04 12:01:36,9.947,-0.9186352000000001,0.668,21.056,-86.614343,34.7637455,3.9501824450281426,-1.1295580652537445,15.515461858836577,During Launch
232,2025-05-04 12:01:36,9.99,-0.16732284,1.734,21.064,-86.614343,34.7637455,3.955599498551413,-1.1277797660593112,15.502771083465225,During Launch
233,2025-05-04 12:01:36,10.032,-0.46587927999999995,0.668,21.039,-86.614343,34.7637455,3.9865452163043855,-1.177305222781612,15.547968160145059,During Launch
234,2025-05-04 12:01:36,10.075,-2.02427828,-1.17,21.064,-86.614343,34.7637455,3.953455012617777,-1.1912689517694472,15.64435324535617,During Launch
235,2025-05-04 12:01:36,10.117,-1.40091868,-2.729,21.062,-86.614343,34.7637455,3.922235295817231,-1.1669119817401872,15.872176813801646,During Launch
236,2025-05-04 12:01:36,10.16,-0.46587927999999995,-0.279,21.039,-86.614343,34.7637455,3.9162154166891914,-1.1843327380142472,15.991794005486925,During Launch
237,2025-05-04 12:01:36,10.202,-0.04593176,1.164,21.062,-86.614343,34.7637455,3.906301511041399,-1.1682067742394788,16.25191436762405,During Launch
238,2025-05-04 12:01:36,10.244,0.20341208,0.424,21.064,-86.614343,34.7637455,3.8878987900777777,-1.170051513239665,16.283941191239695,During Launch
239,2025-05-04 12:01:36,10.292,-0.46587927999999995,1.224,21.039,-86.614343,34.7637455,3.8763770557159654,-1.1425880137408106,16.29839011549026,During Launch
240,2025-05-04 12:01:36,10.339,-0.54790028,0.554,21.056,-86.614343,34.7637455,3.866880388274786,-1.1509701524786673,16.30893771414625,During Launch
241,2025-05-04 12:01:36,10.382,-0.07545932,0.777,21.046,-86.614343,34.7637455,3.856797699130247,-1.1451907573316193,16.266768844713962,During Launch
242,2025-05-04 12:01:36,10.424,-1.16141736,1.132,21.062,-86.614343,34.7637455,3.8735306027779948,-1.1233664547156457,16.217867057729954,During Launch
243,2025-05-04 12:01:36,10.467,-1.55183732,-0.946,21.054,-86.614343,34.7637455,3.89253294627553,-1.163418943083713,16.22627034853518,During Launch
244,2025-05-04 12:01:36,10.51,-0.66929136,-1.462,21.034,-86.614343,34.7637455,3.875054946194718,-1.1941465462798253,16.16197542263198,During Launch
245,2025-05-04 12:01:36,10.554,-0.29855644,0.0,21.059,-86.614343,34.7637455,3.8804280102174147,-1.1965922052315157,16.135964956279278,During Launch
246,2025-05-04 12:01:36,10.597,-1.51246724,-0.784,21.069,-86.614343,34.7637455,3.910825194649077,-1.0951738581741124,16.00084046903844,During Launch
247,2025-05-04 12:01:36,10.639,-0.29855644,-0.217,21.067,-86.614343,34.7637455,3.914323240574968,-1.1046626638847066,15.963154753417053,During Launch
248,2025-05-04 12:01:36,10.682,-1.28280844,-1.381,21.064,-86.614343,34.7637455,3.896034391609781,-1.1065104730125168,15.859399367798657,During Launch
249,2025-05-04 12:01:36,10.724,-2.14566936,-0.113,21.067,-86.614343,34.7637455,3.8755941219190246,-1.1099169919459517,15.753091013512492,During Launch
250,2025-05-04 12:01:37,10.767,-1.53215228,-1.614,21.071,-86.614343,34.7637455,3.883267690622652,-1.0793341828081875,15.572655574484994,During Launch
251,2025-05-04 12:01:37,10.81,-0.79068244,-0.113,21.062,-86.614343,34.7637455,3.8933034911832864,-1.0959398441206303,15.53090326988662,During Launch
252,2025-05-04 12:01:37,10.853,-2.00459324,-0.095,21.071,-86.614343,34.7637455,3.925903498652269,-1.1803713625678842,15.52012357862686,During Launch
253,2025-05-04 12:01:37,10.895,-0.41666668,0.366,21.064,-86.614343,34.7637455,3.9563769547130074,-1.1652740215489759,15.589447606837522,During Launch
254,2025-05-04 12:01:37,10.938,-1.78477696,-0.906,21.059,-86.614345,34.763743833333336,3.9571400017020677,-1.1848726624497221,15.770226501041169,During Launch
255,2025-05-04 12:01:37,10.981,-1.51246724,-0.421,21.069,-86.614345,34.763743833333336,3.9686280037281287,-1.167831174650764,15.852712978154374,During Launch
256,2025-05-04 12:01:37,11.023,-1.40091868,-0.448,21.037,-86.614345,34.763743833333336,3.6885006177545634,-1.1200251163639798,16.547075859319005,During Launch
257,2025-05-04 12:01:37,11.066,0.32480316000000004,0.457,21.062,-86.614345,34.763743833333336,3.4788521692838152,-1.0952557466140842,16.984958956425643,During Launch
258,2025-05-04 12:01:37,11.117,-1.40091868,-0.862,21.067,-86.614345,34.763743833333336,3.2510281297223607,-1.070454424725229,17.572882198087036,During Launch
259,2025-05-04 12:01:37,11.162,-0.79068244,1.135,21.064,-86.614345,34.763743833333336,3.2726511003996532,-1.0593972608417688,17.29676017336103,During Launch
Apogee,Temp of Landing Site,Landing Time,Max velocity,Roll,Pitch,Yaw
6.45013144,21.039,12:01:37,2.491,3.3313013516138135,-1.0362158700098036,17.074329626827172
